"ID", "random-name-text", "sex", "department", "height", "phone", "UK-Postcode", "last-login", "DOB", "StartDate"
100, XlrEVi7X ORH2QGd, M, 401, 1.77, 0172-95426575, XI99 60GK, 01/01/2017 13:32:40, 22/11/1984, 03-01-2017
101, ObD rYyN86An5eM, F, 301, 1.72, 08668-88273483, FB22 13DZ, 01/01/2017 17:45:07, 22/03/1978, 01-07-2017
102, OulPVxUL s5u, M, 302, 1.70, 088-75139408, XT42 7LH, 01/01/2017 12:22:38, 29/11/1984, 01-04-2017
103, Ydu86 1gf j5B CQi wiS n1x0GgL, F, 202, 1.77, 066-57349920, NPB0 6ZO, 01/01/2017 15:34:53, 13/10/1985, 03-01-2017
104, FWiJvR424dys QdOOpUi, M, 102, 1.65, 058-11764888, NQF84 08VW, 01/01/2017 10:36:46, 12/10/1984, 01-04-2017
105, TyVGHoYV1 6UrW RZXbk0ryOAlAe0, F, 301, 1.75, 02965-56933753, QRP2 7ZU, 01/01/2017 09:59:09, 19/01/1982, 01-07-2017
106, G2XSFgESkhaG VxL vI v6, M, 401, 1.74, 02611-42495397, VR64 5HM, 01/01/2017 08:02:32, 11/12/1981, 01-04-2017
107, VFnp F9sypaNBHNzt sQMoOTyYmi, F, 401, 1.72, 074-73407971, TLS93 12NH, 01/01/2017 14:41:56, 05/06/1973, 03-01-2017
108, NU58hAqDR0ZmpUo3X, M, 402, 1.78, , NMV4 25DB, 01/01/2017 16:18:59, 14/04/1970, 01-04-2017
109, DYxW6dGsGfpXHq7dwmnKF, F, 302, 1.75, 03331-86519502, NCT66 05ZT, 01/01/2017 10:10:29, 30/09/1978, 01-04-2017
110, R1Ek7DsHmJ2gQZJhgHWrjODcDl, M, 401, 1.73, , JQ5 7GM, 01/01/2017 12:01:11, 11/08/1976, 01-04-2017
111, Dw2, F, 203, 1.65, 0613-81192473, SKS8 5VA, 01/01/2017 09:43:45, 17/09/1976, 01-07-2017
112, HgE2 YbIaGJ3IJY60sd3p, M, 402, 1.81, , GZP0 3NE, 01/01/2017 12:39:13, 10/09/1983, 01-04-2017
113, EjNWCKOliz84VyJ1JSo7lHvv, F, 102, 1.76, 08421-88839374, JCM4 86QH, 01/01/2017 08:33:53, 18/12/1981, 01-04-2017
114, CYOz, F, 203, 1.66, 0161-11334921, JTW56 13MS, 01/01/2017 13:14:18, 19/07/1972, 01-04-2017
115, XYbMBbQ3hepSBzTHTHGExQjbDB2T, F, 102, 1.80, 01659-25568110, DFL9 1AI, 01/01/2017 15:34:59, 15/08/1976, 01-07-2017
116, A8ZQ, M, 402, 1.79, 06919-92509779, BA49 71CT, 01/01/2017 17:33:32, 06/12/1972, 01-04-2017
117, BXh, F, 302, 1.75, , EVA8 3DA, 01/01/2017 12:23:56, 09/04/1970, 03-01-2017
118, XcD6DbmPFf5mJin, M, 202, 1.72, 05347-76368650, HB48 00UT, 01/01/2017 16:44:04, 22/06/1982, 03-01-2017
119, DeWoENZKGOh7GybJJn, F, 301, 1.75, 09571-54378361, HL83 5IA, 01/01/2017 14:34:56, 09/03/1974, 01-07-2017
